"","ppid","cogload","trialn","RT","disengaged","premature","sab","onsettime","design","simTTLC"
"1",1,"load",10,0.833114840102496,1,0,-5.72957795,6,"balanced",2.23333333
"2",1,"load",11,0.801784631378354,1,0,-5.72957795,6,"balanced",2.23333333
"3",1,"load",12,4.73297903521478,1,0,-0.3039716,6,"balanced",9.5
"4",1,"load",14,2.41629616392697,1,0,-1.19868047,6,"balanced",4.68333333
"5",1,"load",15,5.8162996654533,1,0,-0.3039716,6,"balanced",9.5
"6",1,"load",16,2.41636347775216,1,0,-1.19868047,6,"balanced",4.68333333
"7",1,"load",22,4.39961229651533,1,0,-0.52191351,6,"balanced",7.1
"8",1,"load",23,4.36645072914763,1,0,-0.52191351,6,"balanced",7.1
"9",1,"load",24,3.66640656765594,1,0,-0.52191351,6,"balanced",7.1
"10",1,"load",25,2.86633617490236,1,0,-1.19868047,6,"balanced",4.68333333
"11",1,"load",27,5.1682552830033,1,0,-0.3039716,6,"balanced",9.5
"12",1,"load",28,4.24948646795906,1,0,-0.52191351,6,"balanced",7.1
"13",1,"load",29,1.16718218592439,1,0,-5.72957795,6,"balanced",2.23333333
"14",1,"load",30,6.03304837147334,1,0,-0.3039716,6,"balanced",9.5
"15",1,"load",33,0.799787252089686,1,0,-5.72957795,6,"balanced",2.23333333
"16",1,"load",35,1.06640071165509,1,0,-5.72957795,6,"balanced",2.23333333
"17",1,"load",40,5.53294377846691,1,0,-0.52191351,6,"balanced",7.1
"18",1,"load",42,2.76635582570975,1,0,-1.19868047,6,"balanced",4.68333333
"19",1,"load",43,2.63577334378556,1,0,-1.19868047,6,"balanced",4.68333333
"20",1,"load",45,5.8327897414938,1,0,-0.3039716,6,"balanced",9.5
"21",1,"noload",11,5.63359394549872,1,0,-0.52191351,6,"balanced",7.1
"22",1,"noload",13,5.1002849216126,1,0,-0.52191351,6,"balanced",7.1
"23",1,"noload",16,5.96695615636241,1,0,-0.3039716,6,"balanced",9.5
"24",1,"noload",17,2.48369450873133,1,0,-1.19868047,6,"balanced",4.68333333
"25",1,"noload",20,1.14978654272875,1,0,-5.72957795,6,"balanced",2.23333333
"26",1,"noload",21,0.933964835619918,1,0,-5.72957795,6,"balanced",2.23333333
"27",1,"noload",22,6.4502030130634,1,0,-0.3039716,6,"balanced",9.5
"28",1,"noload",23,1.16700710960771,1,0,-5.72957795,6,"balanced",2.23333333
"29",1,"noload",27,4.61690434282843,1,0,-0.52191351,6,"balanced",7.1
"30",1,"noload",30,2.51709212727081,1,0,-1.19868047,6,"balanced",4.68333333
"31",1,"noload",31,1.0331431541689,1,0,-5.72957795,6,"balanced",2.23333333
"32",1,"noload",33,0.983722128529621,1,0,-5.72957795,6,"balanced",2.23333333
"33",1,"noload",35,2.28370754889841,1,0,-1.19868047,6,"balanced",4.68333333
"34",1,"noload",36,4.4837277128604,1,0,-0.52191351,6,"balanced",7.1
"35",1,"noload",37,6.03368860745206,1,0,-0.3039716,6,"balanced",9.5
"36",1,"noload",38,0.933866430655713,1,0,-5.72957795,6,"balanced",2.23333333
"37",1,"noload",42,2.23364447614608,1,0,-1.19868047,6,"balanced",4.68333333
"38",1,"noload",45,6.43353876627338,1,0,-0.3039716,6,"balanced",9.5
"39",2,"load",11,2.5362288480294,1,0,-1.19868047,6,"balanced",4.68333333
"40",2,"load",12,1.56633324992129,1,0,-5.72957795,6,"balanced",2.23333333
"41",2,"load",15,3.1495723799689,1,0,-1.19868047,6,"balanced",4.68333333
"42",2,"load",16,5.58537775844581,1,0,-0.52191351,6,"balanced",7.1
"43",2,"load",17,7.33272258412722,1,0,-0.3039716,6,"balanced",9.5
"44",2,"load",18,5.6681183782888,1,0,-0.52191351,6,"balanced",7.1
"45",2,"load",22,1.21903026106361,1,0,-5.72957795,6,"balanced",2.23333333
"46",2,"load",29,6.76606967189491,1,0,-0.3039716,6,"balanced",9.5
"47",2,"load",30,1.18486684208358,1,0,-5.72957795,6,"balanced",2.23333333
"48",2,"load",32,5.41888048161252,1,0,-0.52191351,6,"balanced",7.1
"49",2,"load",33,3.03299072013362,1,0,-1.19868047,6,"balanced",4.68333333
"50",2,"load",34,7.35194578961875,1,0,-0.3039716,6,"balanced",9.5
"51",2,"load",35,2.68301089900581,1,0,-1.19868047,6,"balanced",4.68333333
"52",2,"load",37,7.34973532021024,1,0,-0.3039716,6,"balanced",9.5
"53",2,"load",40,1.21666071513198,1,0,-5.72957795,6,"balanced",2.23333333
"54",2,"load",44,1.23307970639371,1,0,-5.72957795,6,"balanced",2.23333333
"55",2,"load",46,6.4827459324556,1,0,-0.3039716,6,"balanced",9.5
"56",2,"load",47,5.14941602012277,1,0,-0.52191351,6,"balanced",7.1
"57",2,"noload",10,1.3504114708964,1,0,-5.72957795,6,"balanced",2.23333333
"58",2,"noload",12,5.96602735210638,1,0,-0.3039716,6,"balanced",9.5
"59",2,"noload",13,3.00026804545061,1,0,-1.19868047,6,"balanced",4.68333333
"60",2,"noload",16,2.96693411847303,1,0,-1.19868047,6,"balanced",4.68333333
"61",2,"noload",17,2.3336393116424,1,0,-1.19868047,6,"balanced",4.68333333
"62",2,"noload",25,1.28365366475179,1,0,-5.72957795,6,"balanced",2.23333333
"63",2,"noload",26,5.86690003927106,1,0,-0.3039716,6,"balanced",9.5
"64",2,"noload",27,1.2170585573661,1,0,-5.72957795,6,"balanced",2.23333333
"65",2,"noload",28,4.85012486148719,1,0,-0.52191351,6,"balanced",7.1
"66",2,"noload",29,6.2668316997553,1,0,-0.3039716,6,"balanced",9.5
"67",2,"noload",30,2.81635113471066,1,0,-1.19868047,6,"balanced",4.68333333
"68",2,"noload",32,5.84942697738609,1,0,-0.3039716,6,"balanced",9.5
"69",2,"noload",35,1.35039849121802,1,0,-5.72957795,6,"balanced",2.23333333
"70",2,"noload",36,1.20033137420694,1,0,-5.72957795,6,"balanced",2.23333333
"71",2,"noload",37,5.83349638425409,1,0,-0.3039716,6,"balanced",9.5
"72",2,"noload",38,3.00031754934014,1,0,-1.19868047,6,"balanced",4.68333333
"73",2,"noload",43,4.46682982826678,1,0,-0.52191351,6,"balanced",7.1
"74",2,"noload",45,2.90028105531428,1,0,-1.19868047,6,"balanced",4.68333333
"75",3,"load",10,5.33484471579101,1,0,-0.3039716,6,"balanced",9.5
"76",3,"load",15,3.0014630858343,1,0,-1.19868047,6,"balanced",4.68333333
"77",3,"load",16,4.21643075275415,1,0,-0.52191351,6,"balanced",7.1
"78",3,"load",17,6.03465644951597,1,0,-0.3039716,6,"balanced",9.5
"79",3,"load",18,2.39960263953117,1,0,-1.19868047,6,"balanced",4.68333333
"80",3,"load",19,1.18489849106254,1,0,-5.72957795,6,"balanced",2.23333333
"81",3,"load",21,4.30151853639495,1,0,-0.52191351,6,"balanced",7.1
"82",3,"load",22,1.08309373680333,1,0,-5.72957795,6,"balanced",2.23333333
"83",3,"load",23,5.95123308825816,1,0,-0.3039716,6,"balanced",9.5
"84",3,"load",24,1.18311272341339,1,0,-5.72957795,6,"balanced",2.23333333
"85",3,"load",25,4.45160542503902,1,0,-0.52191351,6,"balanced",7.1
"86",3,"load",31,4.08301012327411,1,0,-0.52191351,6,"balanced",7.1
"87",3,"load",33,2.69968525694264,1,0,-1.19868047,6,"balanced",4.68333333
"88",3,"load",37,5.96699952095787,1,0,-0.3039716,6,"balanced",9.5
"89",3,"load",38,4.08475182025427,1,0,-0.52191351,6,"balanced",7.1
"90",3,"load",39,2.68335918711955,1,0,-1.19868047,6,"balanced",4.68333333
"91",3,"load",43,1.15046631899122,1,0,-5.72957795,6,"balanced",2.23333333
"92",3,"load",46,4.20153607410634,1,0,-0.52191351,6,"balanced",7.1
"93",3,"load",47,1.21626563867289,1,0,-5.72957795,6,"balanced",2.23333333
"94",3,"noload",10,4.33388240557031,1,0,-0.52191351,6,"balanced",7.1
"95",3,"noload",15,1.00061668750971,1,0,-5.72957795,6,"balanced",2.23333333
"96",3,"noload",16,2.18416136384838,1,0,-1.19868047,6,"balanced",4.68333333
"97",3,"noload",17,2.40081639404735,1,0,-1.19868047,6,"balanced",4.68333333
"98",3,"noload",20,4.48380568940263,1,0,-0.52191351,6,"balanced",7.1
"99",3,"noload",22,4.31741748295508,1,0,-0.52191351,6,"balanced",7.1
"100",3,"noload",23,6.00049685151293,1,0,-0.3039716,6,"balanced",9.5
"101",3,"noload",24,5.70051837369579,1,0,-0.3039716,6,"balanced",9.5
"102",3,"noload",25,5.71725587037918,1,0,-0.3039716,6,"balanced",9.5
"103",3,"noload",26,1.1340496929995,1,0,-5.72957795,6,"balanced",2.23333333
"104",3,"noload",27,5.71717678465837,1,0,-0.3039716,6,"balanced",9.5
"105",3,"noload",30,3.93392206917224,1,0,-0.52191351,6,"balanced",7.1
"106",3,"noload",32,4.06630764164265,1,0,-0.52191351,6,"balanced",7.1
"107",3,"noload",33,5.28389449481881,1,0,-0.3039716,6,"balanced",9.5
"108",3,"noload",36,1.06676374287963,1,0,-5.72957795,6,"balanced",2.23333333
"109",3,"noload",37,1.0341758981134,1,0,-5.72957795,6,"balanced",2.23333333
"110",3,"noload",39,2.3673097060215,1,0,-1.19868047,6,"balanced",4.68333333
"111",3,"noload",41,2.33397145246954,1,0,-1.19868047,6,"balanced",4.68333333
"112",3,"noload",46,4.21731005315337,1,0,-0.52191351,6,"balanced",7.1
"113",3,"noload",47,2.36731876163833,1,0,-1.19868047,6,"balanced",4.68333333
"114",4,"load",10,2.93490762214293,1,0,-1.19868047,6,"balanced",4.68333333
"115",4,"load",11,3.432946930161,1,0,-1.19868047,6,"balanced",4.68333333
"116",4,"load",17,1.23495431894071,1,0,-5.72957795,6,"balanced",2.23333333
"117",4,"load",20,4.61625042523667,1,0,-0.52191351,6,"balanced",7.1
"118",4,"load",22,7.34976927797459,1,0,-0.3039716,6,"balanced",9.5
"119",4,"load",23,1.18595316857545,1,0,-5.72957795,6,"balanced",2.23333333
"120",4,"load",24,4.14969236560182,1,0,-0.52191351,6,"balanced",7.1
"121",4,"load",26,3.26665924106078,1,0,-1.19868047,6,"balanced",4.68333333
"122",4,"load",28,6.64938100330801,1,0,-0.3039716,6,"balanced",9.5
"123",4,"load",29,1.23439498367122,1,0,-5.72957795,6,"balanced",2.23333333
"124",4,"load",31,3.38487820648072,1,0,-1.19868047,6,"balanced",4.68333333
"125",4,"load",32,7.14932983907272,1,0,-0.3039716,6,"balanced",9.5
"126",4,"load",33,1.73563122630253,1,0,-5.72957795,6,"balanced",2.23333333
"127",4,"load",35,1.20165530639542,1,0,-5.72957795,6,"balanced",2.23333333
"128",4,"load",36,4.76629022467296,1,0,-0.52191351,6,"balanced",7.1
"129",4,"load",37,4.2181691293415,1,0,-0.52191351,6,"balanced",7.1
"130",4,"load",38,6.43292338555716,1,0,-0.3039716,6,"balanced",9.5
"131",4,"load",43,3.43493946772901,1,0,-1.19868047,6,"balanced",4.68333333
"132",4,"load",44,1.14985325372845,1,0,-5.72957795,6,"balanced",2.23333333
"133",4,"load",46,2.69997473482886,1,0,-1.19868047,6,"balanced",4.68333333
"134",4,"load",47,6.08336268862467,1,0,-0.3039716,6,"balanced",9.5
"135",4,"noload",0,4.10022575652886,1,0,-0.52191351,6,"balanced",7.1
"136",4,"noload",2,2.51692962668824,1,0,-1.19868047,6,"balanced",4.68333333
"137",4,"noload",3,1.08373276150133,1,0,-5.72957795,6,"balanced",2.23333333
"138",4,"noload",5,1.18367145497498,1,0,-5.72957795,6,"balanced",2.23333333
"139",4,"noload",7,5.83339083650048,1,0,-0.3039716,6,"balanced",9.5
"140",4,"noload",8,6.31698039851353,1,0,-0.3039716,6,"balanced",9.5
"141",4,"noload",11,1.33370189694045,1,0,-5.72957795,6,"balanced",2.23333333
"142",4,"noload",16,1.30041918450547,1,0,-5.72957795,6,"balanced",2.23333333
"143",4,"noload",17,4.38356876427957,1,0,-0.52191351,6,"balanced",7.1
"144",4,"noload",18,2.75038252434979,1,0,-1.19868047,6,"balanced",4.68333333
"145",4,"noload",20,2.35024198117571,1,0,-1.19868047,6,"balanced",4.68333333
"146",4,"noload",23,1.1004165281912,1,0,-5.72957795,6,"balanced",2.23333333
"147",4,"noload",24,5.53349053884244,1,0,-0.3039716,6,"balanced",9.5
"148",4,"noload",26,4.58373562911334,1,0,-0.52191351,6,"balanced",7.1
"149",4,"noload",34,5.43352316924859,1,0,-0.3039716,6,"balanced",9.5
"150",4,"noload",35,2.63378209952066,1,0,-1.19868047,6,"balanced",4.68333333
"151",4,"noload",36,5.91683713865439,1,0,-0.3039716,6,"balanced",9.5
"152",4,"noload",37,1.83382309127978,1,0,-5.72957795,6,"balanced",2.23333333
"153",4,"noload",38,2.93340469159432,1,0,-1.19868047,6,"balanced",4.68333333
"154",4,"noload",40,4.41681948020152,1,0,-0.52191351,6,"balanced",7.1
"155",4,"noload",43,4.23369528634009,1,0,-0.52191351,6,"balanced",7.1
"156",4,"noload",45,6.38333211082511,1,0,-0.3039716,6,"balanced",9.5
"157",4,"noload",47,4.0000211297729,1,0,-0.52191351,6,"balanced",7.1
"158",5,"load",10,2.76640221246834,1,0,-0.52191351,6,"balanced",7.1
"159",5,"load",12,1.04976302959886,1,0,-5.72957795,6,"balanced",2.23333333
"160",5,"load",14,2.43304684380058,1,0,-1.19868047,6,"balanced",4.68333333
"161",5,"load",18,1.00237981611667,1,0,-5.72957795,6,"balanced",2.23333333
"162",5,"load",22,1.11713168768631,1,0,-5.72957795,6,"balanced",2.23333333
"163",5,"load",23,4.16835719941162,1,0,-0.52191351,6,"balanced",7.1
"164",5,"load",24,-1.78358977331072,1,1,-1.19868047,6,"balanced",4.68333333
"165",5,"load",26,4.66636541647835,1,0,-0.3039716,6,"balanced",9.5
"166",5,"load",31,0.968967306506442,1,0,-5.72957795,6,"balanced",2.23333333
"167",5,"load",35,5.10216999747354,1,0,-0.3039716,6,"balanced",9.5
"168",5,"load",36,1.99979292822729,1,0,-1.19868047,6,"balanced",4.68333333
"169",5,"load",37,0.967164936892914,1,0,-5.72957795,6,"balanced",2.23333333
"170",5,"load",38,4.68421282993745,1,0,-0.3039716,6,"balanced",9.5
"171",5,"load",40,4.38369614662361,1,0,-0.3039716,6,"balanced",9.5
"172",5,"load",42,4.2830936764326,1,0,-0.52191351,6,"balanced",7.1
"173",5,"load",43,2.01837716704676,1,0,-1.19868047,6,"balanced",4.68333333
"174",5,"load",44,-4.98306418530706,1,1,-0.52191351,6,"balanced",7.1
"175",5,"load",45,4.40156287873219,1,0,-0.52191351,6,"balanced",7.1
"176",5,"load",46,2.63293781417337,1,0,-0.52191351,6,"balanced",7.1
"177",5,"load",47,4.63374044368311,1,0,-0.3039716,6,"balanced",9.5
"178",5,"noload",11,2.68354965692799,1,0,-0.3039716,6,"balanced",9.5
"179",5,"noload",12,6.40019185833632,1,0,-0.3039716,6,"balanced",9.5
"180",5,"noload",14,-5.96663820184426,1,1,-0.52191351,6,"balanced",7.1
"181",5,"noload",16,4.15030724198812,1,0,-0.52191351,6,"balanced",7.1
"182",5,"noload",18,2.65023555168779,1,0,-1.19868047,6,"balanced",4.68333333
"183",5,"noload",21,5.63343255270894,1,0,-0.3039716,6,"balanced",9.5
"184",5,"noload",25,0.68387535728175,1,0,-5.72957795,6,"balanced",2.23333333
"185",5,"noload",26,0.967062306568322,1,0,-5.72957795,6,"balanced",2.23333333
"186",5,"noload",27,4.01685340857955,1,0,-0.52191351,6,"balanced",7.1
"187",5,"noload",28,3.78366221824581,1,0,-0.52191351,6,"balanced",7.1
"188",5,"noload",29,2.60043297922846,1,0,-1.19868047,6,"balanced",4.68333333
"189",5,"noload",30,4.63346696405313,1,0,-0.3039716,6,"balanced",9.5
"190",5,"noload",31,0.950500186998513,1,0,-5.72957795,6,"balanced",2.23333333
"191",5,"noload",32,0.716969109177853,1,0,-5.72957795,6,"balanced",2.23333333
"192",5,"noload",33,4.08357670303701,1,0,-0.52191351,6,"balanced",7.1
"193",5,"noload",34,1.60034242305971,1,0,-1.19868047,6,"balanced",4.68333333
"194",5,"noload",39,0.850523158080023,1,0,-5.72957795,6,"balanced",2.23333333
"195",5,"noload",42,2.50019001702753,1,0,-1.19868047,6,"balanced",4.68333333
"196",5,"noload",45,1.90040843850682,1,0,-1.19868047,6,"balanced",4.68333333
"197",5,"noload",46,4.51690064871411,1,0,-0.3039716,6,"balanced",9.5
"198",6,"load",15,0.901585322784626,1,0,-5.72957795,6,"balanced",2.23333333
"199",6,"load",16,5.9493777336404,1,0,-0.3039716,6,"balanced",9.5
"200",6,"load",17,2.30154517656797,1,0,-1.19868047,6,"balanced",4.68333333
"201",6,"load",18,2.76636199813458,1,0,-1.19868047,6,"balanced",4.68333333
"202",6,"load",22,3.26690201002759,1,0,-1.19868047,6,"balanced",4.68333333
"203",6,"load",23,5.25136904636133,1,0,-0.52191351,6,"balanced",7.1
"204",6,"load",28,6.11612911989232,1,0,-0.3039716,6,"balanced",9.5
"205",6,"load",30,6.11610074587452,1,0,-0.3039716,6,"balanced",9.5
"206",6,"load",35,6.13288850520235,1,0,-0.3039716,6,"balanced",9.5
"207",6,"load",36,6.36686337306696,1,0,-0.3039716,6,"balanced",9.5
"208",6,"load",37,3.50140692869354,1,0,-1.19868047,6,"balanced",4.68333333
"209",6,"load",38,0.983051655804958,1,0,-5.72957795,6,"balanced",2.23333333
"210",6,"load",40,4.33489491048613,1,0,-0.52191351,6,"balanced",7.1
"211",6,"load",42,5.61814729737466,1,0,-0.52191351,6,"balanced",7.1
"212",6,"load",45,6.04941787985718,1,0,-0.3039716,6,"balanced",9.5
"213",6,"load",46,3.40220834377237,1,0,-1.19868047,6,"balanced",4.68333333
"214",6,"load",47,1.19978900597357,1,0,-5.72957795,6,"balanced",2.23333333
"215",6,"noload",12,3.13329690994874,1,0,-1.19868047,6,"balanced",4.68333333
"216",6,"noload",13,4.30023846249043,1,0,-0.52191351,6,"balanced",7.1
"217",6,"noload",14,0.949784025427903,1,0,-5.72957795,6,"balanced",2.23333333
"218",6,"noload",17,5.45014594508115,1,0,-0.3039716,6,"balanced",9.5
"219",6,"noload",19,0.933797681178702,1,0,-5.72957795,6,"balanced",2.23333333
"220",6,"noload",20,3.36676195104576,1,0,-0.52191351,6,"balanced",7.1
"221",6,"noload",22,4.4835367307698,1,0,-0.52191351,6,"balanced",7.1
"222",6,"noload",23,0.96704478567051,1,0,-5.72957795,6,"balanced",2.23333333
"223",6,"noload",25,4.98286480987906,1,0,-0.52191351,6,"balanced",7.1
"224",6,"noload",26,0.983664111998905,1,0,-5.72957795,6,"balanced",2.23333333
"225",6,"noload",27,2.08318748886927,1,0,-1.19868047,6,"balanced",4.68333333
"226",6,"noload",28,2.8003432048755,1,0,-1.19868047,6,"balanced",4.68333333
"227",6,"noload",30,6.68334173485994,1,0,-0.3039716,6,"balanced",9.5
"228",6,"noload",32,3.11700780889191,1,0,-1.19868047,6,"balanced",4.68333333
"229",6,"noload",33,6.13341131157392,1,0,-0.3039716,6,"balanced",9.5
"230",6,"noload",36,4.48369308971928,1,0,-0.52191351,6,"balanced",7.1
"231",6,"noload",41,1.00037852147216,1,0,-5.72957795,6,"balanced",2.23333333
"232",6,"noload",43,6.38345130686503,1,0,-0.3039716,6,"balanced",9.5
"233",6,"noload",45,0.833144173214349,1,0,-5.72957795,6,"balanced",2.23333333
"234",6,"noload",46,2.60022276622533,1,0,-1.19868047,6,"balanced",4.68333333
"235",6,"noload",47,7.03270045187139,1,0,-0.3039716,6,"balanced",9.5
"236",7,"load",11,5.6682957913223,1,0,-0.3039716,6,"balanced",9.5
"237",7,"load",12,2.36659138341872,1,0,-1.19868047,6,"balanced",4.68333333
"238",7,"load",13,1.06847062715713,1,0,-5.72957795,6,"balanced",2.23333333
"239",7,"load",15,1.21722899690957,1,0,-5.72957795,6,"balanced",2.23333333
"240",7,"load",17,4.49973104501237,1,0,-0.52191351,6,"balanced",7.1
"241",7,"load",18,4.06882108365619,1,0,-0.52191351,6,"balanced",7.1
"242",7,"load",23,2.3017744388319,1,0,-1.19868047,6,"balanced",4.68333333
"243",7,"load",25,1.20165375622355,1,0,-5.72957795,6,"balanced",2.23333333
"244",7,"load",27,4.13506551212231,1,0,-0.52191351,6,"balanced",7.1
"245",7,"load",28,4.83291103476131,1,0,-0.3039716,6,"balanced",9.5
"246",7,"load",31,1.46834541668704,1,0,-5.72957795,6,"balanced",2.23333333
"247",7,"load",36,5.21643360252983,1,0,-0.3039716,6,"balanced",9.5
"248",7,"load",37,1.08590561159031,1,0,-5.72957795,6,"balanced",2.23333333
"249",7,"load",38,3.99974402488283,1,0,-0.52191351,6,"balanced",7.1
"250",7,"load",40,6.70170446827501,1,0,-0.3039716,6,"balanced",9.5
"251",7,"load",41,7.74970734920271,1,0,-0.3039716,6,"balanced",9.5
"252",7,"load",42,2.59991391025551,1,0,-1.19868047,6,"balanced",4.68333333
"253",7,"load",43,2.55160675701859,1,0,-1.19868047,6,"balanced",4.68333333
"254",7,"load",45,2.55194362993234,1,0,-1.19868047,6,"balanced",4.68333333
"255",7,"load",47,4.93396415503162,1,0,-0.52191351,6,"balanced",7.1
"256",7,"noload",12,4.28322710969684,1,0,-0.52191351,6,"balanced",7.1
"257",7,"noload",14,4.16708051323008,1,0,-0.52191351,6,"balanced",7.1
"258",7,"noload",15,4.66704821448303,1,0,-0.52191351,6,"balanced",7.1
"259",7,"noload",16,2.03382735323538,1,0,-1.19868047,6,"balanced",4.68333333
"260",7,"noload",18,1.06725987692664,1,0,-5.72957795,6,"balanced",2.23333333
"261",7,"noload",22,2.23382874177969,1,0,-1.19868047,6,"balanced",4.68333333
"262",7,"noload",23,4.28305595652284,1,0,-0.52191351,6,"balanced",7.1
"263",7,"noload",26,4.46709361384342,1,0,-0.52191351,6,"balanced",7.1
"264",7,"noload",27,2.68380492522692,1,0,-1.19868047,6,"balanced",4.68333333
"265",7,"noload",28,1.13373130219497,1,0,-5.72957795,6,"balanced",2.23333333
"266",7,"noload",32,4.61700236233639,1,0,-0.3039716,6,"balanced",9.5
"267",7,"noload",35,5.10041046576009,1,0,-0.3039716,6,"balanced",9.5
"268",7,"noload",37,1.06733835986358,1,0,-5.72957795,6,"balanced",2.23333333
"269",7,"noload",39,3.11692810540376,1,0,-1.19868047,6,"balanced",4.68333333
"270",7,"noload",43,1.0171989319075,1,0,-5.72957795,6,"balanced",2.23333333
"271",7,"noload",45,5.08387592209896,1,0,-0.52191351,6,"balanced",7.1
"272",7,"noload",47,1.16729724687889,1,0,-5.72957795,6,"balanced",2.23333333
"273",8,"load",10,3.11817929360768,1,0,-1.19868047,6,"balanced",4.68333333
"274",8,"load",11,1.48311323346081,1,0,-5.72957795,6,"balanced",2.23333333
"275",8,"load",12,2.5661488911494,1,0,-1.19868047,6,"balanced",4.68333333
"276",8,"load",13,6.15122053554449,1,0,-0.3039716,6,"balanced",9.5
"277",8,"load",14,1.01629906214816,1,0,-5.72957795,6,"balanced",2.23333333
"278",8,"load",15,5.56782175079763,1,0,-0.52191351,6,"balanced",7.1
"279",8,"load",16,-0.0336938443474555,1,1,-0.52191351,6,"balanced",7.1
"280",8,"load",19,4.56823136294895,1,0,-0.52191351,6,"balanced",7.1
"281",8,"load",22,1.11632773801728,1,0,-5.72957795,6,"balanced",2.23333333
"282",8,"load",23,2.16830169429102,1,0,-1.19868047,6,"balanced",4.68333333
"283",8,"load",24,2.73289182556618,1,0,-1.19868047,6,"balanced",4.68333333
"284",8,"load",26,4.33278738503248,1,0,-0.52191351,6,"balanced",7.1
"285",8,"load",27,1.15237692769756,1,0,-5.72957795,6,"balanced",2.23333333
"286",8,"load",31,1.09993389457543,1,0,-5.72957795,6,"balanced",2.23333333
"287",8,"load",33,2.0663146074877,1,0,-1.19868047,6,"balanced",4.68333333
"288",8,"load",34,2.3170639532251,1,0,-1.19868047,6,"balanced",4.68333333
"289",8,"load",35,1.53558282949325,1,0,-5.72957795,6,"balanced",2.23333333
"290",8,"load",37,6.15014171916346,1,0,-0.3039716,6,"balanced",9.5
"291",8,"load",42,6.55030592624576,1,0,-0.3039716,6,"balanced",9.5
"292",8,"load",43,3.86831195723357,1,0,-0.52191351,6,"balanced",7.1
"293",8,"noload",12,2.46699830057747,1,0,-1.19868047,6,"balanced",4.68333333
"294",8,"noload",13,2.64966087011641,1,0,-1.19868047,6,"balanced",4.68333333
"295",8,"noload",14,2.4835279770835,1,0,-1.19868047,6,"balanced",4.68333333
"296",8,"noload",15,6.31683696108235,1,0,-0.3039716,6,"balanced",9.5
"297",8,"noload",16,5.91654869313498,1,0,-0.3039716,6,"balanced",9.5
"298",8,"noload",17,6.61675274458253,1,0,-0.3039716,6,"balanced",9.5
"299",8,"noload",18,0.983952379946232,1,0,-5.72957795,6,"balanced",2.23333333
"300",8,"noload",19,4.55018578944669,1,0,-0.52191351,6,"balanced",7.1
"301",8,"noload",21,6.2501987690506,1,0,-0.3039716,6,"balanced",9.5
"302",8,"noload",25,0.967269363003311,1,0,-5.72957795,6,"balanced",2.23333333
"303",8,"noload",27,6.86685280827317,1,0,-0.3039716,6,"balanced",9.5
"304",8,"noload",35,4.5665926124924,1,0,-0.52191351,6,"balanced",7.1
"305",8,"noload",37,4.34944263165994,1,0,-0.52191351,6,"balanced",7.1
"306",8,"noload",38,4.61690729242434,1,0,-0.52191351,6,"balanced",7.1
"307",8,"noload",40,1.03369927766994,1,0,-5.72957795,6,"balanced",2.23333333
"308",8,"noload",41,4.18324634986368,1,0,-0.52191351,6,"balanced",7.1
"309",8,"noload",43,2.33342217821905,1,0,-1.19868047,6,"balanced",4.68333333
"310",8,"noload",44,0.933630153732906,1,0,-5.72957795,6,"balanced",2.23333333
"311",8,"noload",45,3.03366003700694,1,0,-1.19868047,6,"balanced",4.68333333
"312",8,"noload",46,6.18349115123045,1,0,-0.3039716,6,"balanced",9.5
"313",9,"load",12,3.81612403709158,1,0,-0.52191351,6,"balanced",7.1
"314",9,"load",14,4.86618048344644,1,0,-0.52191351,6,"balanced",7.1
"315",9,"load",16,3.78515551423538,1,0,-0.52191351,6,"balanced",7.1
"316",9,"load",17,5.01612162227434,1,0,-0.3039716,6,"balanced",9.5
"317",9,"load",19,3.16639932626595,1,0,-1.19868047,6,"balanced",4.68333333
"318",9,"load",23,1.09977481828503,1,0,-5.72957795,6,"balanced",2.23333333
"319",9,"load",24,5.36609505928379,1,0,-0.3039716,6,"balanced",9.5
"320",9,"load",25,2.70141236627944,1,0,-1.19868047,6,"balanced",4.68333333
"321",9,"load",26,1.1995055661539,1,0,-5.72957795,6,"balanced",2.23333333
"322",9,"load",27,2.15155574605785,1,0,-1.19868047,6,"balanced",4.68333333
"323",9,"load",28,5.79969694042654,1,0,-0.3039716,6,"balanced",9.5
"324",9,"load",29,1.00155453864909,1,0,-5.72957795,6,"balanced",2.23333333
"325",9,"load",32,5.53280499142739,1,0,-0.3039716,6,"balanced",9.5
"326",9,"load",33,1.13570790369715,1,0,-5.72957795,6,"balanced",2.23333333
"327",9,"load",35,-3.63305009538533,1,1,-0.52191351,6,"balanced",7.1
"328",9,"load",39,4.49946451425944,1,0,-0.52191351,6,"balanced",7.1
"329",9,"load",40,2.36632778730291,1,0,-1.19868047,6,"balanced",4.68333333
"330",9,"load",42,2.08310956026185,1,0,-1.19868047,6,"balanced",4.68333333
"331",9,"load",44,5.63279110622784,1,0,-0.3039716,6,"balanced",9.5
"332",9,"noload",10,2.73311771027022,1,0,-1.19868047,6,"balanced",4.68333333
"333",9,"noload",11,1.30044342083022,1,0,-5.72957795,6,"balanced",2.23333333
"334",9,"noload",13,5.43321098258917,1,0,-0.3039716,6,"balanced",9.5
"335",9,"noload",14,6.51669785805706,1,0,-0.3039716,6,"balanced",9.5
"336",9,"noload",15,3.33317687329458,1,0,-1.19868047,6,"balanced",4.68333333
"337",9,"noload",16,2.5004081041269,1,0,-1.19868047,6,"balanced",4.68333333
"338",9,"noload",17,2.43370843495688,1,0,-1.19868047,6,"balanced",4.68333333
"339",9,"noload",18,6.36671264881312,1,0,-0.3039716,6,"balanced",9.5
"340",9,"noload",19,1.35054091907949,1,0,-5.72957795,6,"balanced",2.23333333
"341",9,"noload",20,2.60004497597259,1,0,-0.52191351,6,"balanced",7.1
"342",9,"noload",23,4.13366708121032,1,0,-0.52191351,6,"balanced",7.1
"343",9,"noload",24,3.91687987491252,1,0,-0.52191351,6,"balanced",7.1
"344",9,"noload",27,1.28368428678379,1,0,-5.72957795,6,"balanced",2.23333333
"345",9,"noload",28,4.48360791818595,1,0,-0.52191351,6,"balanced",7.1
"346",9,"noload",31,1.50041836710057,1,0,-5.72957795,6,"balanced",2.23333333
"347",9,"noload",33,2.98367975900124,1,0,-1.19868047,6,"balanced",4.68333333
"348",9,"noload",34,5.03290430078959,1,0,-0.52191351,6,"balanced",7.1
"349",9,"noload",40,2.49974523677281,1,0,-1.19868047,6,"balanced",4.68333333
"350",9,"noload",41,1.15015696312571,1,0,-5.72957795,6,"balanced",2.23333333
"351",9,"noload",43,5.68355962183955,1,0,-0.3039716,6,"balanced",9.5
"352",9,"noload",45,1.23379687764122,1,0,-5.72957795,6,"balanced",2.23333333
"353",10,"load",10,1.33297764667844,1,0,-5.72957795,6,"balanced",2.23333333
"354",10,"load",12,5.54953648545166,1,0,-0.3039716,6,"balanced",9.5
"355",10,"load",13,4.48486389778441,1,0,-0.3039716,6,"balanced",9.5
"356",10,"load",14,3.91610282533935,1,0,-0.52191351,6,"balanced",7.1
"357",10,"load",17,2.59974837307311,1,0,-1.19868047,6,"balanced",4.68333333
"358",10,"load",26,4.09977055946854,1,0,-0.52191351,6,"balanced",7.1
"359",10,"load",27,5.43376908218659,1,0,-0.3039716,6,"balanced",9.5
"360",10,"load",28,3.38499734819743,1,0,-0.52191351,6,"balanced",7.1
"361",10,"load",32,4.91677777472569,1,0,-0.52191351,6,"balanced",7.1
"362",10,"load",34,2.26634390240883,1,0,-1.19868047,6,"balanced",4.68333333
"363",10,"load",37,3.88311180645246,1,0,-1.19868047,6,"balanced",4.68333333
"364",10,"load",38,1.36833642182046,1,0,-5.72957795,6,"balanced",2.23333333
"365",10,"load",39,5.06630532524787,1,0,-0.52191351,6,"balanced",7.1
"366",10,"load",40,1.10268135416095,1,0,-5.72957795,6,"balanced",2.23333333
"367",10,"load",41,2.53294377846692,1,0,-0.3039716,6,"balanced",9.5
"368",10,"load",46,0.966413117924957,1,0,-5.72957795,6,"balanced",2.23333333
"369",10,"load",47,1.71908280536263,1,0,-5.72957795,6,"balanced",2.23333333
"370",10,"noload",12,2.56711112908829,1,0,-1.19868047,6,"balanced",4.68333333
"371",10,"noload",13,4.40035606900545,1,0,-0.52191351,6,"balanced",7.1
"372",10,"noload",15,1.81709897939561,1,0,-1.19868047,6,"balanced",4.68333333
"373",10,"noload",17,1.26693523776123,1,0,-5.72957795,6,"balanced",2.23333333
"374",10,"noload",18,3.48375669100932,1,0,-0.52191351,6,"balanced",7.1
"375",10,"noload",20,6.23359708479825,1,0,-0.3039716,6,"balanced",9.5
"376",10,"noload",24,3.1838566958088,1,0,-1.19868047,6,"balanced",4.68333333
"377",10,"noload",28,1.11711881131623,1,0,-5.72957795,6,"balanced",2.23333333
"378",10,"noload",29,5.96713485494774,1,0,-0.3039716,6,"balanced",9.5
"379",10,"noload",30,6.33346242696222,1,0,-0.3039716,6,"balanced",9.5
"380",10,"noload",31,1.15048232015965,1,0,-5.72957795,6,"balanced",2.23333333
"381",10,"noload",34,6.83347978366612,1,0,-0.3039716,6,"balanced",9.5
"382",10,"noload",35,6.88365575045713,1,0,-0.3039716,6,"balanced",9.5
"383",10,"noload",36,3.3669355094313,1,0,-1.19868047,6,"balanced",4.68333333
"384",10,"noload",39,4.75050719307092,1,0,-0.52191351,6,"balanced",7.1
"385",10,"noload",40,3.33375703814341,1,0,-1.19868047,6,"balanced",4.68333333
"386",10,"noload",41,6.26699742003916,1,0,-0.3039716,6,"balanced",9.5
"387",10,"noload",42,1.10058406062956,1,0,-5.72957795,6,"balanced",2.23333333
"388",10,"noload",44,5.51690980641695,1,0,-0.52191351,6,"balanced",7.1
"389",10,"noload",46,1.68377172342412,1,0,-5.72957795,6,"balanced",2.23333333
"390",11,"load",13,3.584966834922,1,0,-1.19868047,6,"balanced",4.68333333
"391",11,"load",14,3.23319604856528,1,0,-1.19868047,6,"balanced",4.68333333
"392",11,"load",15,3.51719198918624,1,0,-1.19868047,6,"balanced",4.68333333
"393",11,"load",16,5.36822684708085,1,0,-0.52191351,6,"balanced",7.1
"394",11,"load",17,5.39965654659386,1,0,-0.52191351,6,"balanced",7.1
"395",11,"load",20,7.76625789130845,1,0,-0.3039716,6,"balanced",9.5
"396",11,"load",27,7.33482058498759,1,0,-0.3039716,6,"balanced",9.5
"397",11,"load",29,7.48369547171558,1,0,-0.3039716,6,"balanced",9.5
"398",11,"load",30,5.73487226298301,1,0,-0.52191351,6,"balanced",7.1
"399",11,"load",32,1.43576443286111,1,0,-5.72957795,6,"balanced",2.23333333
"400",11,"load",33,5.71627059950697,1,0,-0.52191351,6,"balanced",7.1
"401",11,"load",35,5.21824384165518,1,0,-0.52191351,6,"balanced",7.1
"402",11,"load",36,7.76626332474246,1,0,-0.3039716,6,"balanced",9.5
"403",11,"load",38,1.46654604442983,1,0,-5.72957795,6,"balanced",2.23333333
"404",11,"load",42,1.38493858106494,1,0,-5.72957795,6,"balanced",2.23333333
"405",11,"load",44,5.91709877560584,1,0,-0.52191351,6,"balanced",7.1
"406",11,"load",46,1.33347067847285,1,0,-5.72957795,6,"balanced",2.23333333
"407",11,"noload",10,7.35018543103132,1,0,-0.3039716,6,"balanced",9.5
"408",11,"noload",11,3.60047808182873,1,0,-1.19868047,6,"balanced",4.68333333
"409",11,"noload",12,5.61712340717372,1,0,-0.52191351,6,"balanced",7.1
"410",11,"noload",13,5.40050446416984,1,0,-0.52191351,6,"balanced",7.1
"411",11,"noload",14,1.38353675506863,1,0,-5.72957795,6,"balanced",2.23333333
"412",11,"noload",15,1.41724276160926,1,0,-5.72957795,6,"balanced",2.23333333
"413",11,"noload",17,1.40070338822915,1,0,-5.72957795,6,"balanced",2.23333333
"414",11,"noload",19,3.38315550910977,1,0,-1.19868047,6,"balanced",4.68333333
"415",11,"noload",20,1.36737168492596,1,0,-5.72957795,6,"balanced",2.23333333
"416",11,"noload",21,7.60041771033889,1,0,-0.3039716,6,"balanced",9.5
"417",11,"noload",22,5.48370452743916,1,0,-0.52191351,6,"balanced",7.1
"418",11,"noload",26,7.45043681791537,1,0,-0.3039716,6,"balanced",9.5
"419",11,"noload",27,3.450327847376,1,0,-1.19868047,6,"balanced",4.68333333
"420",11,"noload",28,7.63344151904323,1,0,-0.3039716,6,"balanced",9.5
"421",11,"noload",29,5.25045414453291,1,0,-0.52191351,6,"balanced",7.1
"422",11,"noload",33,7.40020985129899,1,0,-0.3039716,6,"balanced",9.5
"423",11,"noload",39,3.5671167964955,1,0,-1.19868047,6,"balanced",4.68333333
"424",11,"noload",40,7.53298426537867,1,0,-0.3039716,6,"balanced",9.5
"425",11,"noload",44,1.40042024594129,1,0,-5.72957795,6,"balanced",2.23333333
"426",11,"noload",46,1.33386943216396,1,0,-5.72957795,6,"balanced",2.23333333
"427",11,"noload",47,5.6830831840648,1,0,-0.52191351,6,"balanced",7.1
"428",12,"load",11,1.43322842812438,1,0,-5.72957795,6,"balanced",2.23333333
"429",12,"load",12,1.98490294708574,1,0,-5.72957795,6,"balanced",2.23333333
"430",12,"load",14,1.41834418406972,1,0,-5.72957795,6,"balanced",2.23333333
"431",12,"load",17,3.39982528543555,1,0,-1.19868047,6,"balanced",4.68333333
"432",12,"load",18,4.6849686310685,1,0,-0.52191351,6,"balanced",7.1
"433",12,"load",19,1.51685717838995,1,0,-5.72957795,6,"balanced",2.23333333
"434",12,"load",22,7.45197009688389,1,0,-0.3039716,6,"balanced",9.5
"435",12,"load",24,3.38310696105327,1,0,-1.19868047,6,"balanced",4.68333333
"436",12,"load",25,7.35146877354475,1,0,-0.3039716,6,"balanced",9.5
"437",12,"load",29,5.68538126895647,1,0,-0.52191351,6,"balanced",7.1
"438",12,"load",30,1.44985408254934,1,0,-5.72957795,6,"balanced",2.23333333
"439",12,"load",31,3.70153814017726,1,0,-1.19868047,6,"balanced",4.68333333
"440",12,"load",32,3.19980820035539,1,0,-1.19868047,6,"balanced",4.68333333
"441",12,"load",33,7.68495685866333,1,0,-0.3039716,6,"balanced",9.5
"442",12,"load",35,6.60153518198331,1,0,-0.3039716,6,"balanced",9.5
"443",12,"load",37,3.201621452582,1,0,-1.19868047,6,"balanced",4.68333333
"444",12,"load",39,5.41893612474178,1,0,-0.52191351,6,"balanced",7.1
"445",12,"load",40,5.5996995923731,1,0,-0.52191351,6,"balanced",7.1
"446",12,"load",41,4.78490306782828,1,0,-0.52191351,6,"balanced",7.1
"447",12,"load",44,2.89957172594336,1,0,-1.19868047,6,"balanced",4.68333333
"448",12,"load",47,6.48477828033537,1,0,-0.3039716,6,"balanced",9.5
"449",12,"noload",11,3.41721795732474,1,0,-1.19868047,6,"balanced",4.68333333
"450",12,"noload",12,3.46711605055736,1,0,-1.19868047,6,"balanced",4.68333333
"451",12,"noload",16,7.4003305932809,1,0,-0.3039716,6,"balanced",9.5
"452",12,"noload",18,6.78371707348879,1,0,-0.3039716,6,"balanced",9.5
"453",12,"noload",19,1.21721083351042,1,0,-5.72957795,6,"balanced",2.23333333
"454",12,"noload",20,1.18393115014584,1,0,-5.72957795,6,"balanced",2.23333333
"455",12,"noload",24,4.28370771593609,1,0,-0.52191351,6,"balanced",7.1
"456",12,"noload",25,3.38372999294859,1,0,-1.19868047,6,"balanced",4.68333333
"457",12,"noload",26,1.3005422550857,1,0,-5.72957795,6,"balanced",2.23333333
"458",12,"noload",28,2.73371151932849,1,0,-1.19868047,6,"balanced",4.68333333
"459",12,"noload",30,3.29981085669306,1,0,-1.19868047,6,"balanced",4.68333333
"460",12,"noload",32,6.26691241813649,1,0,-0.3039716,6,"balanced",9.5
"461",12,"noload",33,4.50031453451311,1,0,-0.52191351,6,"balanced",7.1
"462",12,"noload",38,4.53378136893139,1,0,-0.52191351,6,"balanced",7.1
"463",12,"noload",40,2.83380020477944,1,0,-1.19868047,6,"balanced",4.68333333
"464",12,"noload",42,1.16703684340166,1,0,-5.72957795,6,"balanced",2.23333333
"465",12,"noload",43,1.08394388849183,1,0,-5.72957795,6,"balanced",2.23333333
"466",12,"noload",44,4.9171111001101,1,0,-0.52191351,6,"balanced",7.1
"467",12,"noload",45,4.51708658935923,1,0,-0.52191351,6,"balanced",7.1
"468",12,"noload",47,3.91710174255741,1,0,-0.52191351,6,"balanced",7.1
"469",13,"load",11,2.6667041974963,1,0,-1.19868047,6,"balanced",4.68333333
"470",13,"load",12,3.60157442333326,1,0,-1.19868047,6,"balanced",4.68333333
"471",13,"load",16,3.01838970403571,1,0,-1.19868047,6,"balanced",4.68333333
"472",13,"load",18,3.98489238210686,1,0,-0.3039716,6,"balanced",9.5
"473",13,"load",21,2.24998671831236,1,0,-1.19868047,6,"balanced",4.68333333
"474",13,"load",22,3.86814755472051,1,0,-0.3039716,6,"balanced",9.5
"475",13,"load",25,3.28505641094989,1,0,-0.52191351,6,"balanced",7.1
"476",13,"load",26,4.56624724706842,1,0,-0.52191351,6,"balanced",7.1
"477",13,"load",28,3.21644743832474,1,0,-0.52191351,6,"balanced",7.1
"478",13,"load",30,-3.64997379885244,1,1,-0.52191351,6,"balanced",7.1
"479",13,"load",31,2.51833808656784,1,0,-0.3039716,6,"balanced",9.5
"480",13,"load",32,1.08311951828523,1,0,-5.72957795,6,"balanced",2.23333333
"481",13,"load",33,2.53504041255337,1,0,-0.52191351,6,"balanced",7.1
"482",13,"load",34,1.03317433543248,1,0,-5.72957795,6,"balanced",2.23333333
"483",13,"load",36,1.09993987017742,1,0,-5.72957795,6,"balanced",2.23333333
"484",13,"load",38,1.1331730676352,1,0,-5.72957795,6,"balanced",2.23333333
"485",13,"load",40,2.68302467496073,1,0,-0.3039716,6,"balanced",9.5
"486",13,"load",41,2.43571210372284,1,0,-1.19868047,6,"balanced",4.68333333
"487",13,"load",45,-1.71411287985643,1,1,-0.52191351,6,"balanced",7.1
"488",13,"load",46,1.26648891341301,1,0,-5.72957795,6,"balanced",2.23333333
"489",13,"load",47,-3.51465030523741,1,1,-0.3039716,6,"balanced",9.5
"490",13,"noload",12,5.10040533295984,1,0,-0.3039716,6,"balanced",9.5
"491",13,"noload",13,1.51721578395768,1,0,-5.72957795,6,"balanced",2.23333333
"492",13,"noload",15,1.03381517686381,1,0,-5.72957795,6,"balanced",2.23333333
"493",13,"noload",16,5.01702169020342,1,0,-0.3039716,6,"balanced",9.5
"494",13,"noload",20,1.00050560970192,1,0,-5.72957795,6,"balanced",2.23333333
"495",13,"noload",21,2.46704179384886,1,0,-1.19868047,6,"balanced",4.68333333
"496",13,"noload",23,2.13377919556444,1,0,-1.19868047,6,"balanced",4.68333333
"497",13,"noload",25,4.98363484776769,1,0,-0.52191351,6,"balanced",7.1
"498",13,"noload",26,2.00043708826774,1,0,-1.19868047,6,"balanced",4.68333333
"499",13,"noload",27,2.75050923198035,1,0,-1.19868047,6,"balanced",4.68333333
"500",13,"noload",28,1.43390428491398,1,0,-5.72957795,6,"balanced",2.23333333
"501",13,"noload",30,3.85054448882397,1,0,-0.52191351,6,"balanced",7.1
"502",13,"noload",32,4.66687897243207,1,0,-0.3039716,6,"balanced",9.5
"503",13,"noload",33,3.50037158539885,1,0,-1.19868047,6,"balanced",4.68333333
"504",13,"noload",34,1.13390446602784,1,0,-5.72957795,6,"balanced",2.23333333
"505",13,"noload",36,4.28374967399486,1,0,-0.52191351,6,"balanced",7.1
"506",13,"noload",38,4.60035613034404,1,0,-0.52191351,6,"balanced",7.1
"507",13,"noload",41,1.10048140080755,1,0,-5.72957795,6,"balanced",2.23333333
"508",13,"noload",44,5.26695286691256,1,0,-0.52191351,6,"balanced",7.1
"509",13,"noload",45,5.65029406863983,1,0,-0.3039716,6,"balanced",9.5
"510",14,"load",10,1.25167319079264,1,0,-5.72957795,6,"balanced",2.23333333
"511",14,"load",12,7.10227141008056,1,0,-0.3039716,6,"balanced",9.5
"512",14,"load",15,3.46889821156043,1,0,-1.19868047,6,"balanced",4.68333333
"513",14,"load",18,1.93313756930627,1,0,-5.72957795,6,"balanced",2.23333333
"514",14,"load",19,7.5503215979561,1,0,-0.3039716,6,"balanced",9.5
"515",14,"load",20,4.35142319320755,1,0,-0.52191351,6,"balanced",7.1
"516",14,"load",23,2.49981345265917,1,0,-1.19868047,6,"balanced",4.68333333
"517",14,"load",24,4.58373409819751,1,0,-0.52191351,6,"balanced",7.1
"518",14,"load",25,4.25237923323607,1,0,-0.52191351,6,"balanced",7.1
"519",14,"load",27,1.20257652666964,1,0,-5.72957795,6,"balanced",2.23333333
"520",14,"load",29,2.80034182234408,1,0,-1.19868047,6,"balanced",4.68333333
"521",14,"load",30,4.56824131136136,1,0,-0.52191351,6,"balanced",7.1
"522",14,"load",31,2.79977463390833,1,0,-1.19868047,6,"balanced",4.68333333
"523",14,"load",33,4.55164433330765,1,0,-0.52191351,6,"balanced",7.1
"524",14,"load",35,6.80146261567143,1,0,-0.3039716,6,"balanced",9.5
"525",14,"load",36,4.81631697592888,1,0,-0.52191351,6,"balanced",7.1
"526",14,"load",37,5.8848003762339,1,0,-0.3039716,6,"balanced",9.5
"527",14,"load",38,1.08315302436085,1,0,-5.72957795,6,"balanced",2.23333333
"528",14,"load",41,3.13384681142907,1,0,-1.19868047,6,"balanced",4.68333333
"529",14,"load",42,7.26827892268625,1,0,-0.3039716,6,"balanced",9.5
"530",14,"load",47,6.16620492678157,1,0,-0.3039716,6,"balanced",9.5
"531",14,"noload",10,1.36713331675133,1,0,-5.72957795,6,"balanced",2.23333333
"532",14,"noload",11,2.30047071508608,1,0,-1.19868047,6,"balanced",4.68333333
"533",14,"noload",12,2.91719139394934,1,0,-1.19868047,6,"balanced",4.68333333
"534",14,"noload",13,4.88365211396172,1,0,-0.52191351,6,"balanced",7.1
"535",14,"noload",14,1.03389305585068,1,0,-5.72957795,6,"balanced",2.23333333
"536",14,"noload",15,1.05048761905226,1,0,-5.72957795,6,"balanced",2.23333333
"537",14,"noload",17,1.1999044925912,1,0,-5.72957795,6,"balanced",2.23333333
"538",14,"noload",20,1.21711544684428,1,0,-5.72957795,6,"balanced",2.23333333
"539",14,"noload",25,2.36714146687791,1,0,-1.19868047,6,"balanced",4.68333333
"540",14,"noload",27,5.06696355263409,1,0,-0.3039716,6,"balanced",9.5
"541",14,"noload",29,6.40014706450552,1,0,-0.3039716,6,"balanced",9.5
"542",14,"noload",30,5.83366829347221,1,0,-0.3039716,6,"balanced",9.5
"543",14,"noload",34,4.46703062515701,1,0,-0.52191351,6,"balanced",7.1
"544",14,"noload",36,4.54968588808606,1,0,-0.52191351,6,"balanced",7.1
"545",14,"noload",37,5.03400625205257,1,0,-0.52191351,6,"balanced",7.1
"546",14,"noload",38,5.98366684456085,1,0,-0.3039716,6,"balanced",9.5
"547",14,"noload",42,4.48384765662729,1,0,-0.52191351,6,"balanced",7.1
"548",14,"noload",46,2.25062454117801,1,0,-1.19868047,6,"balanced",4.68333333
"549",15,"load",10,4.58493910949909,1,0,-0.52191351,6,"balanced",7.1
"550",15,"load",12,2.56825097077063,1,0,-1.19868047,6,"balanced",4.68333333
"551",15,"load",14,5.16824668440768,1,0,-0.52191351,6,"balanced",7.1
"552",15,"load",15,1.8663575454475,1,0,-1.19868047,6,"balanced",4.68333333
"553",15,"load",18,4.13491840214056,1,0,-0.52191351,6,"balanced",7.1
"554",15,"load",20,6.26825085002793,1,0,-0.3039716,6,"balanced",9.5
"555",15,"load",23,7.3662869110176,1,0,-0.3039716,6,"balanced",9.5
"556",15,"load",26,2.81671995440763,1,0,-1.19868047,6,"balanced",4.68333333
"557",15,"load",29,5.89991704982321,1,0,-0.52191351,6,"balanced",7.1
"558",15,"load",30,5.00162730859881,1,0,-0.52191351,6,"balanced",7.1
"559",15,"load",31,1.39987358248163,1,0,-5.72957795,6,"balanced",2.23333333
"560",15,"load",35,1.18521796456935,1,0,-5.72957795,6,"balanced",2.23333333
"561",15,"load",38,7.76657675366573,1,0,-0.3039716,6,"balanced",9.5
"562",15,"load",39,3.83489383101824,1,0,-1.19868047,6,"balanced",4.68333333
"563",15,"load",40,1.6498367559841,1,0,-5.72957795,6,"balanced",2.23333333
"564",15,"load",41,1.43499368516109,1,0,-5.72957795,6,"balanced",2.23333333
"565",15,"load",43,6.25038215037785,1,0,-0.3039716,6,"balanced",9.5
"566",15,"load",44,4.98543179974104,1,0,-0.52191351,6,"balanced",7.1
"567",15,"load",46,7.76609227392145,1,0,-0.3039716,6,"balanced",9.5
"568",15,"load",47,1.36838541767292,1,0,-5.72957795,6,"balanced",2.23333333
"569",15,"noload",11,1.76716597762879,1,0,-1.19868047,6,"balanced",4.68333333
"570",15,"noload",13,4.18369298533702,1,0,-0.52191351,6,"balanced",7.1
"571",15,"noload",15,0.950388368622384,1,0,-5.72957795,6,"balanced",2.23333333
"572",15,"noload",18,5.21696723528385,1,0,-0.52191351,6,"balanced",7.1
"573",15,"noload",21,-5.96664545621388,1,1,-0.3039716,6,"balanced",9.5
"574",15,"noload",22,2.53314354606562,1,0,-1.19868047,6,"balanced",4.68333333
"575",15,"noload",26,1.13394038695594,1,0,-5.72957795,6,"balanced",2.23333333
"576",15,"noload",27,1.36724922966209,1,0,-5.72957795,6,"balanced",2.23333333
"577",15,"noload",29,6.06696234520802,1,0,-0.3039716,6,"balanced",9.5
"578",15,"noload",30,3.43375577149698,1,0,-1.19868047,6,"balanced",4.68333333
"579",15,"noload",31,7.60034254679988,1,0,-0.3039716,6,"balanced",9.5
"580",15,"noload",32,5.31634263373451,1,0,-0.52191351,6,"balanced",7.1
"581",15,"noload",33,7.61685621244908,1,0,-0.3039716,6,"balanced",9.5
"582",15,"noload",34,2.53375722040835,1,0,-1.19868047,6,"balanced",4.68333333
"583",15,"noload",35,4.53378831163195,1,0,-0.52191351,6,"balanced",7.1
"584",15,"noload",36,4.48383920464426,1,0,-0.3039716,6,"balanced",9.5
"585",15,"noload",37,3.5837823952437,1,0,-1.19868047,6,"balanced",4.68333333
"586",15,"noload",39,1.14987116762939,1,0,-5.72957795,6,"balanced",2.23333333
"587",15,"noload",42,1.26713941425339,1,0,-5.72957795,6,"balanced",2.23333333
"588",15,"noload",43,6.33354091001297,1,0,-0.3039716,6,"balanced",9.5
"589",15,"noload",44,2.73374834582626,1,0,-1.19868047,6,"balanced",4.68333333
"590",16,"load",13,4.25141939676735,1,0,-0.52191351,6,"balanced",7.1
"591",16,"load",15,3.33485206548682,1,0,-1.19868047,6,"balanced",4.68333333
"592",16,"load",16,3.33301286414633,1,0,-1.19868047,6,"balanced",4.68333333
"593",16,"load",17,6.81815119363955,1,0,-0.3039716,6,"balanced",9.5
"594",16,"load",20,1.3683099541754,1,0,-5.72957795,6,"balanced",2.23333333
"595",16,"load",25,1.55169429594025,1,0,-5.72957795,6,"balanced",2.23333333
"596",16,"load",26,4.36624526729395,1,0,-0.52191351,6,"balanced",7.1
"597",16,"load",27,1.90166838170512,1,0,-1.19868047,6,"balanced",4.68333333
"598",16,"load",28,5.43303185081379,1,0,-0.3039716,6,"balanced",9.5
"599",16,"load",30,2.38317751085094,1,0,-1.19868047,6,"balanced",4.68333333
"600",16,"load",31,4.21824494974271,1,0,-0.52191351,6,"balanced",7.1
"601",16,"load",33,1.25206355492594,1,0,-5.72957795,6,"balanced",2.23333333
"602",16,"load",35,3.20167493195436,1,0,-1.19868047,6,"balanced",4.68333333
"603",16,"load",39,1.30195592859445,1,0,-5.72957795,6,"balanced",2.23333333
"604",16,"load",40,3.14984223558508,1,0,-1.19868047,6,"balanced",4.68333333
"605",16,"load",41,6.3012625681024,1,0,-0.3039716,6,"balanced",9.5
"606",16,"load",43,4.69971785631174,1,0,-0.52191351,6,"balanced",7.1
"607",16,"load",44,1.10176280188875,1,0,-5.72957795,6,"balanced",2.23333333
"608",16,"load",46,5.13489136698286,1,0,-0.3039716,6,"balanced",9.5
"609",16,"noload",11,2.75031355168102,1,0,-0.52191351,6,"balanced",7.1
"610",16,"noload",13,3.24990318007059,1,0,-0.52191351,6,"balanced",7.1
"611",16,"noload",14,0.933402075734763,1,0,-5.72957795,6,"balanced",2.23333333
"612",16,"noload",15,5.70026662835125,1,0,-0.3039716,6,"balanced",9.5
"613",16,"noload",16,2.4002323074597,1,0,-1.19868047,6,"balanced",4.68333333
"614",16,"noload",17,1.016957297506,1,0,-5.72957795,6,"balanced",2.23333333
"615",16,"noload",19,2.78373431222832,1,0,-0.52191351,6,"balanced",7.1
"616",16,"noload",20,4.43363193817049,1,0,-0.52191351,6,"balanced",7.1
"617",16,"noload",23,4.15003059298476,1,0,-0.52191351,6,"balanced",7.1
"618",16,"noload",25,4.05038198216584,1,0,-0.52191351,6,"balanced",7.1
"619",16,"noload",28,2.11659292856814,1,0,-1.19868047,6,"balanced",4.68333333
"620",16,"noload",29,5.03374706559396,1,0,-0.3039716,6,"balanced",9.5
"621",16,"noload",33,4.35027473315279,1,0,-0.3039716,6,"balanced",9.5
"622",16,"noload",34,1.10044218710709,1,0,-5.72957795,6,"balanced",2.23333333
"623",16,"noload",35,3.20031085008043,1,0,-0.3039716,6,"balanced",9.5
"624",16,"noload",36,2.30052634422736,1,0,-1.19868047,6,"balanced",4.68333333
"625",16,"noload",38,0.900243023305277,1,0,-5.72957795,6,"balanced",2.23333333
"626",16,"noload",40,2.15048065850226,1,0,-1.19868047,6,"balanced",4.68333333
"627",16,"noload",45,2.1170858574684,1,0,-1.19868047,6,"balanced",4.68333333
"628",16,"noload",47,-5.9666598346862,1,1,-5.72957795,6,"balanced",2.23333333
"629",17,"load",10,1.06875165831485,1,0,-5.72957795,6,"balanced",2.23333333
"630",17,"load",13,5.26629782021587,1,0,-0.3039716,6,"balanced",9.5
"631",17,"load",14,4.58477818652273,1,0,-0.3039716,6,"balanced",9.5
"632",17,"load",16,1.15172852627541,1,0,-5.72957795,6,"balanced",2.23333333
"633",17,"load",17,3.11641513608663,1,0,-0.52191351,6,"balanced",7.1
"634",17,"load",18,2.73502641682342,1,0,-0.52191351,6,"balanced",7.1
"635",17,"load",19,2.28305710096834,1,0,-1.19868047,6,"balanced",4.68333333
"636",17,"load",21,1.13500033656817,1,0,-5.72957795,6,"balanced",2.23333333
"637",17,"load",22,3.94957877670924,1,0,-0.52191351,6,"balanced",7.1
"638",17,"load",23,5.28474597861486,1,0,-0.3039716,6,"balanced",9.5
"639",17,"load",25,2.00172359094938,1,0,-1.19868047,6,"balanced",4.68333333
"640",17,"load",26,0.816326481329838,1,0,-5.72957795,6,"balanced",2.23333333
"641",17,"load",27,4.05217590528525,1,0,-0.52191351,6,"balanced",7.1
"642",17,"load",28,2.34987779408129,1,0,-1.19868047,6,"balanced",4.68333333
"643",17,"load",30,4.05192113982787,1,0,-0.52191351,6,"balanced",7.1
"644",17,"load",32,5.66618450392127,1,0,-0.3039716,6,"balanced",9.5
"645",17,"load",34,1.44971083818746,1,0,-5.72957795,6,"balanced",2.23333333
"646",17,"load",38,1.54970778945403,1,0,-1.19868047,6,"balanced",4.68333333
"647",17,"load",40,1.98304873959023,1,0,-1.19868047,6,"balanced",4.68333333
"648",17,"load",42,2.39971341904584,1,0,-0.52191351,6,"balanced",7.1
"649",17,"load",44,1.08312145641321,1,0,-5.72957795,6,"balanced",2.23333333
"650",17,"load",45,-1.78360028869406,1,1,-1.19868047,6,"balanced",4.68333333
"651",17,"noload",11,1.66701792504398,1,0,-0.52191351,6,"balanced",7.1
"652",17,"noload",13,4.51617413520865,1,0,-0.3039716,6,"balanced",9.5
"653",17,"noload",17,1.86701967580188,1,0,-0.52191351,6,"balanced",7.1
"654",17,"noload",18,1.65046179257683,1,0,-0.52191351,6,"balanced",7.1
"655",17,"noload",19,0.950558597413533,1,0,-5.72957795,6,"balanced",2.23333333
"656",17,"noload",20,0.733689501882168,1,0,-5.72957795,6,"balanced",2.23333333
"657",17,"noload",21,2.70033907350495,1,0,-0.3039716,6,"balanced",9.5
"658",17,"noload",26,4.5504485411509,1,0,-0.3039716,6,"balanced",9.5
"659",17,"noload",27,2.46709676951969,1,0,-0.52191351,6,"balanced",7.1
"660",17,"noload",28,2.01722443901042,1,0,-1.19868047,6,"balanced",4.68333333
"661",17,"noload",32,2.26704521271859,1,0,-1.19868047,6,"balanced",4.68333333
"662",17,"noload",35,3.93337792735019,1,0,-0.3039716,6,"balanced",9.5
"663",17,"noload",36,0.833730523950522,1,0,-5.72957795,6,"balanced",2.23333333
"664",17,"noload",38,0.833945746428071,1,0,-5.72957795,6,"balanced",2.23333333
"665",17,"noload",39,5.33343515902163,1,0,-0.3039716,6,"balanced",9.5
"666",17,"noload",40,1.70056003122386,1,0,-1.19868047,6,"balanced",4.68333333
"667",17,"noload",42,0.816440280592133,1,0,-5.72957795,6,"balanced",2.23333333
"668",17,"noload",46,0.783731595535072,1,0,-5.72957795,6,"balanced",2.23333333
"669",17,"noload",47,2.00024601166797,1,0,-1.19868047,6,"balanced",4.68333333
"670",18,"load",10,-3.81473786396629,1,1,-0.52191351,6,"balanced",7.1
"671",18,"load",13,5.3495712592304,1,0,-0.3039716,6,"balanced",9.5
"672",18,"load",15,2.58301379390076,1,0,-0.52191351,6,"balanced",7.1
"673",18,"load",16,2.25173318007114,1,0,-1.19868047,6,"balanced",4.68333333
"674",18,"load",22,2.45040284154902,1,0,-1.19868047,6,"balanced",4.68333333
"675",18,"load",23,1.18509943580148,1,0,-5.72957795,6,"balanced",2.23333333
"676",18,"load",25,3.71821164975927,1,0,-0.3039716,6,"balanced",9.5
"677",18,"load",26,1.13299944066137,1,0,-5.72957795,6,"balanced",2.23333333
"678",18,"load",28,3.8329880607007,1,0,-0.52191351,6,"balanced",7.1
"679",18,"load",31,1.16836606405195,1,0,-5.72957795,6,"balanced",2.23333333
"680",18,"load",32,2.56628676112132,1,0,-0.52191351,6,"balanced",7.1
"681",18,"load",33,4.15162333477519,1,0,-0.3039716,6,"balanced",9.5
"682",18,"load",34,4.14949706309494,1,0,-0.3039716,6,"balanced",9.5
"683",18,"load",40,1.20168157783587,1,0,-5.72957795,6,"balanced",2.23333333
"684",18,"load",42,0.951795754761632,1,0,-5.72957795,6,"balanced",2.23333333
"685",18,"load",44,2.05172659961659,1,0,-1.19868047,6,"balanced",4.68333333
"686",18,"load",45,2.08314193165325,1,0,-1.19868047,6,"balanced",4.68333333
"687",18,"load",46,4.41892744022425,1,0,-0.52191351,6,"balanced",7.1
"688",18,"load",47,2.26658870739629,1,0,-1.19868047,6,"balanced",4.68333333
"689",18,"noload",10,5.00030125200698,1,0,-0.3039716,6,"balanced",9.5
"690",18,"noload",13,3.55036115527429,1,0,-0.52191351,6,"balanced",7.1
"691",18,"noload",17,1.90053250367282,1,0,-1.19868047,6,"balanced",4.68333333
"692",18,"noload",18,0.933635209175407,1,0,-5.72957795,6,"balanced",2.23333333
"693",18,"noload",19,5.50025280416418,1,0,-0.3039716,6,"balanced",9.5
"694",18,"noload",20,4.01700926787612,1,0,-0.52191351,6,"balanced",7.1
"695",18,"noload",21,1.00061940793415,1,0,-5.72957795,6,"balanced",2.23333333
"696",18,"noload",23,0.933774666517253,1,0,-5.72957795,6,"balanced",2.23333333
"697",18,"noload",25,2.30044695776223,1,0,-1.19868047,6,"balanced",4.68333333
"698",18,"noload",26,3.66695202093911,1,0,-0.52191351,6,"balanced",7.1
"699",18,"noload",28,0.949887121054076,1,0,-5.72957795,6,"balanced",2.23333333
"700",18,"noload",29,3.98374174915125,1,0,-0.52191351,6,"balanced",7.1
"701",18,"noload",30,3.76703560478757,1,0,-0.52191351,6,"balanced",7.1
"702",18,"noload",31,2.33371055236285,1,0,-1.19868047,6,"balanced",4.68333333
"703",18,"noload",32,5.95034865844764,1,0,-0.3039716,6,"balanced",9.5
"704",18,"noload",33,2.16679460318198,1,0,-1.19868047,6,"balanced",4.68333333
"705",18,"noload",34,0.983796385036273,1,0,-5.72957795,6,"balanced",2.23333333
"706",18,"noload",36,5.65031524301957,1,0,-0.3039716,6,"balanced",9.5
"707",18,"noload",41,2.4170701219889,1,0,-1.19868047,6,"balanced",4.68333333
"708",18,"noload",45,4.86696554407536,1,0,-0.3039716,6,"balanced",9.5
"709",19,"load",11,0.984891215726918,1,0,-5.72957795,6,"balanced",2.23333333
"710",19,"load",12,2.8996024862044,1,0,-1.19868047,6,"balanced",4.68333333
"711",19,"load",16,4.61628131262569,1,0,-0.52191351,6,"balanced",7.1
"712",19,"load",18,5.13293605096055,1,0,-0.3039716,6,"balanced",9.5
"713",19,"load",19,2.65155164404212,1,0,-1.19868047,6,"balanced",4.68333333
"714",19,"load",20,2.74980930264996,1,0,-1.19868047,6,"balanced",4.68333333
"715",19,"load",22,3.04999213665849,1,0,-0.52191351,6,"balanced",7.1
"716",19,"load",26,6.44962737420849,1,0,-0.3039716,6,"balanced",9.5
"717",19,"load",27,6.85024485026599,1,0,-0.3039716,6,"balanced",9.5
"718",19,"load",28,1.76846670274847,1,0,-5.72957795,6,"balanced",2.23333333
"719",19,"load",31,2.24979979419481,1,0,-1.19868047,6,"balanced",4.68333333
"720",19,"load",33,4.44999563818487,1,0,-0.52191351,6,"balanced",7.1
"721",19,"load",34,4.65162680611593,1,0,-0.52191351,6,"balanced",7.1
"722",19,"load",35,-3.8333635692145,1,1,-0.3039716,6,"balanced",9.5
"723",19,"load",37,3.51895850117785,1,0,-1.19868047,6,"balanced",4.68333333
"724",19,"load",38,3.01663315565111,1,0,-1.19868047,6,"balanced",4.68333333
"725",19,"load",39,6.20147963636055,1,0,-0.3039716,6,"balanced",9.5
"726",19,"load",40,1.21640700534681,1,0,-5.72957795,6,"balanced",2.23333333
"727",19,"load",41,1.33392094579835,1,0,-5.72957795,6,"balanced",2.23333333
"728",19,"load",46,5.24966214798724,1,0,-0.52191351,6,"balanced",7.1
"729",19,"load",47,4.65151511950012,1,0,-0.52191351,6,"balanced",7.1
"730",19,"noload",0,0.699760417116308,1,0,-5.72957795,6,"balanced",2.23333333
"731",19,"noload",1,-3.99987563544403,1,1,-5.72957795,6,"balanced",2.23333333
"732",19,"noload",3,-3.94996379240658,1,1,-1.19868047,6,"balanced",4.68333333
"733",19,"noload",6,-4.51653610903753,1,1,-0.52191351,6,"balanced",7.1
"734",19,"noload",7,6.13365054344595,1,0,-0.3039716,6,"balanced",9.5
"735",19,"noload",9,1.35058821114563,1,0,-5.72957795,6,"balanced",2.23333333
"736",19,"noload",10,-3.99993117689621,1,1,-0.52191351,6,"balanced",7.1
"737",19,"noload",11,2.81690850843733,1,0,-1.19868047,6,"balanced",4.68333333
"738",19,"noload",13,5.816968879581,1,0,-0.3039716,6,"balanced",9.5
"739",19,"noload",14,7.06679674635757,1,0,-0.3039716,6,"balanced",9.5
"740",19,"noload",16,3.83367538617159,1,0,-0.52191351,6,"balanced",7.1
"741",19,"noload",17,1.01714480109371,1,0,-5.72957795,6,"balanced",2.23333333
"742",19,"noload",19,6.31619658172548,1,0,-0.3039716,6,"balanced",9.5
"743",19,"noload",22,4.76677812185972,1,0,-0.3039716,6,"balanced",9.5
"744",19,"noload",24,0.916966434549638,1,0,-5.72957795,6,"balanced",2.23333333
"745",19,"noload",25,2.48367700109964,1,0,-1.19868047,6,"balanced",4.68333333
"746",19,"noload",26,4.35046082803251,1,0,-0.52191351,6,"balanced",7.1
"747",19,"noload",30,2.46702211183697,1,0,-0.52191351,6,"balanced",7.1
"748",19,"noload",32,3.78370920910481,1,0,-0.52191351,6,"balanced",7.1
"749",19,"noload",33,2.25043157821335,1,0,-1.19868047,6,"balanced",4.68333333
"750",19,"noload",35,2.45021991698354,1,0,-1.19868047,6,"balanced",4.68333333
"751",19,"noload",42,6.45018037388456,1,0,-0.3039716,6,"balanced",9.5
"752",19,"noload",45,2.5337889744784,1,0,-1.19868047,6,"balanced",4.68333333
"753",20,"load",12,6.06629023246211,1,0,-0.3039716,6,"balanced",9.5
"754",20,"load",13,4.56727533859913,1,0,-0.52191351,6,"balanced",7.1
"755",20,"load",14,6.1014286529296,1,0,-0.3039716,6,"balanced",9.5
"756",20,"load",15,2.98285912303066,1,0,-1.19868047,6,"balanced",4.68333333
"757",20,"load",16,4.88479736878412,1,0,-0.52191351,6,"balanced",7.1
"758",20,"load",18,2.91712038096603,1,0,-1.19868047,6,"balanced",4.68333333
"759",20,"load",20,6.71616114386415,1,0,-0.3039716,6,"balanced",9.5
"760",20,"load",21,2.86821613231666,1,0,-1.19868047,6,"balanced",4.68333333
"761",20,"load",25,2.61829469026736,1,0,-1.19868047,6,"balanced",4.68333333
"762",20,"load",34,5.04960545948347,1,0,-0.52191351,6,"balanced",7.1
"763",20,"load",35,3.43503929104963,1,0,-1.19868047,6,"balanced",4.68333333
"764",20,"load",36,5.04997010119109,1,0,-0.52191351,6,"balanced",7.1
"765",20,"load",38,1.30175308745561,1,0,-5.72957795,6,"balanced",2.23333333
"766",20,"load",41,1.04977449868557,1,0,-5.72957795,6,"balanced",2.23333333
"767",20,"load",42,2.88493833540451,1,0,-1.19868047,6,"balanced",4.68333333
"768",20,"load",44,4.51966846582718,1,0,-0.52191351,6,"balanced",7.1
"769",20,"load",46,6.55034636434425,1,0,-0.3039716,6,"balanced",9.5
"770",20,"noload",14,5.43353635142768,1,0,-0.3039716,6,"balanced",9.5
"771",20,"noload",16,2.4836471173835,1,0,-1.19868047,6,"balanced",4.68333333
"772",20,"noload",17,1.01705001839809,1,0,-5.72957795,6,"balanced",2.23333333
"773",20,"noload",18,3.78363616002099,1,0,-0.52191351,6,"balanced",7.1
"774",20,"noload",22,4.18309149156267,1,0,-0.52191351,6,"balanced",7.1
"775",20,"noload",23,2.40054744553083,1,0,-1.19868047,6,"balanced",4.68333333
"776",20,"noload",24,3.85039457070229,1,0,-0.52191351,6,"balanced",7.1
"777",20,"noload",26,5.25025620004101,1,0,-0.3039716,6,"balanced",9.5
"778",20,"noload",29,2.60043086885253,1,0,-1.19868047,6,"balanced",4.68333333
"779",20,"noload",34,4.06700683793758,1,0,-0.52191351,6,"balanced",7.1
"780",20,"noload",35,2.51716366707615,1,0,-1.19868047,6,"balanced",4.68333333
"781",20,"noload",36,4.96706905040105,1,0,-0.3039716,6,"balanced",9.5
"782",20,"noload",38,2.36704327192274,1,0,-1.19868047,6,"balanced",4.68333333
"783",20,"noload",39,5.78358635382745,1,0,-0.3039716,6,"balanced",9.5
"784",20,"noload",40,1.18399192717072,1,0,-5.72957795,6,"balanced",2.23333333
"785",20,"noload",41,0.933860393541408,1,0,-5.72957795,6,"balanced",2.23333333
"786",20,"noload",43,-5.96663649115669,1,1,-1.19868047,6,"balanced",4.68333333
"787",20,"noload",44,4.0004271258415,1,0,-0.52191351,6,"balanced",7.1
"788",20,"noload",47,0.983774651424482,1,0,-5.72957795,6,"balanced",2.23333333
